{"cameraMode":{"drawMode":0,"name":"Shaded","section":"Shading Mode"},"sceneLighting":true,"audioPlay":false,"sceneViewState":{"m_AlwaysRefresh":false,"showFog":true,"showSkybox":true,"showFlares":true,"showImageEffects":true,"showParticleSystems":true,"showVisualEffectGraphs":true,"m_FxEnabled":true},"in2DMode":false,"pivot":{"x":-18.284273147583009,"y":-3.2125279903411867,"z":18.23956871032715},"rotation":{"x":0.005002305842936039,"y":-0.9858182072639465,"z":0.16506274044513703,"w":0.029875842854380609},"size":3.7067031860351564,"orthographic":true}