{"cameraMode":{"drawMode":0,"name":"Shaded","section":"Shading Mode"},"sceneLighting":true,"audioPlay":false,"sceneViewState":{"m_AlwaysRefresh":false,"showFog":true,"showSkybox":true,"showFlares":true,"showImageEffects":true,"showParticleSystems":true,"showVisualEffectGraphs":true,"m_FxEnabled":true},"in2DMode":false,"pivot":{"x":-18.284273147583009,"y":-3.2125279903411867,"z":18.23956871032715},"rotation":{"x":0.1491372436285019,"y":-0.8290206789970398,"z":0.2627260386943817,"w":0.47059738636016848},"size":3.7067031860351564,"orthographic":true}